{"cameraMode":{"drawMode":0,"name":"Shaded","section":"Shading Mode"},"sceneLighting":true,"audioPlay":false,"sceneViewState":{"m_AlwaysRefresh":false,"showFog":true,"showSkybox":true,"showFlares":true,"showImageEffects":true,"showParticleSystems":true,"showVisualEffectGraphs":true,"m_FxEnabled":true},"in2DMode":false,"pivot":{"x":1.2777462005615235,"y":-1.2335681915283204,"z":2.640687942504883},"rotation":{"x":-0.3303787410259247,"y":-0.31747230887413027,"z":0.11904136091470719,"w":-0.8808825016021729},"size":19.314876556396486,"orthographic":false}