{"cameraMode":{"drawMode":0,"name":"Shaded","section":"Shading Mode"},"sceneLighting":true,"audioPlay":false,"sceneViewState":{"m_AlwaysRefresh":false,"showFog":true,"showSkybox":true,"showFlares":true,"showImageEffects":true,"showParticleSystems":true,"showVisualEffectGraphs":true,"m_FxEnabled":true},"in2DMode":false,"pivot":{"x":-2.9275083541870119,"y":4.974664688110352,"z":13.762146949768067},"rotation":{"x":-0.0020781864877790214,"y":0.7211745977401733,"z":0.002163485623896122,"w":0.6927483081817627},"size":8.518568992614746,"orthographic":true}