{"cameraMode":{"drawMode":0,"name":"Shaded","section":"Shading Mode"},"sceneLighting":true,"audioPlay":false,"sceneViewState":{"m_AlwaysRefresh":false,"showFog":true,"showSkybox":true,"showFlares":true,"showImageEffects":true,"showParticleSystems":true,"showVisualEffectGraphs":true,"m_FxEnabled":true},"in2DMode":false,"pivot":{"x":20.242809295654298,"y":-3.3232719898223879,"z":11.822627067565918},"rotation":{"x":-0.10433945804834366,"y":-0.8529777526855469,"z":0.1859457939863205,"w":-0.47696101665496828},"size":12.12435531616211,"orthographic":false}